No,Name,Type1,Type2,Height,Weight,Legendary
1,Bulbasaur,Grass,Poison,0.7,6.9,0
2,Ivysaur,Grass,Poison,1.0,13.0,0
3,Venusaur,Grass,Poison,2.0,100.0,0
4,Charmander,Fire,,0.6,8.5,0
5,Charmeleon,Fire,,1.1,19.0,0
6,Charizard,Fire,Flying,1.7,90.5,0
7,Squirtle,Water,,0.5,9.0,0
8,Wartortle,Water,,1.0,22.5,0
9,Blastoise,Water,,1.6,85.5,0
10,Caterpie,Bug,,0.3,2.9,0
11,Metapod,Bug,,0.7,9.9,0
12,Butterfree,Bug,Flying,1.1,32.0,0
13,Weedle,Bug,Poison,0.3,3.2,0
14,Kakuna,Bug,Poison,0.6,10.0,0
15,Beedrill,Bug,Poison,1.0,29.5,0
16,Pidgey,Normal,Flying,0.3,1.8,0
17,Pidgeotto,Normal,Flying,1.1,30.0,0
18,Pidgeot,Normal,Flying,1.5,39.5,0
19,Rattata,Normal,,0.3,3.5,0
20,Raticate,Normal,,0.7,18.5,0
21,Spearow,Normal,Flying,0.3,2.0,0
22,Fearow,Normal,Flying,1.2,38.0,0
23,Ekans,Poison,,2.0,6.9,0
24,Arbok,Poison,,3.5,65.0,0
25,Pikachu,Electric,,0.4,6.0,0
26,Raichu,Electric,,0.8,30.0,0
27,Sandshrew,Ground,,0.6,12.0,0
28,Sandslash,Ground,,1.0,29.5,0
29,Nidoran-f,Poison,,0.4,7.0,0
30,Nidorina,Poison,,0.8,20.0,0
31,Nidoqueen,Poison,Ground,1.3,60.0,0
32,Nidoran-m,Poison,,0.5,9.0,0
33,Nidorino,Poison,,0.9,19.5,0
34,Nidoking,Poison,Ground,1.4,62.0,0
35,Clefairy,Fairy,,0.6,7.5,0
36,Clefable,Fairy,,1.3,40.0,0
37,Vulpix,Fire,,0.6,9.9,0
38,Ninetales,Fire,,1.1,19.9,0
39,Jigglypuff,Normal,Fairy,0.5,5.5,0
40,Wigglytuff,Normal,Fairy,1.0,12.0,0
41,Zubat,Poison,Flying,0.8,7.5,0
42,Golbat,Poison,Flying,1.6,55.0,0
43,Oddish,Grass,Poison,0.5,5.4,0
44,Gloom,Grass,Poison,0.8,8.6,0
45,Vileplume,Grass,Poison,1.2,18.6,0
46,Paras,Bug,Grass,0.3,5.4,0
47,Parasect,Bug,Grass,1.0,29.5,0
48,Venonat,Bug,Poison,1.0,30.0,0
49,Venomoth,Bug,Poison,1.5,12.5,0
50,Diglett,Ground,,0.2,0.8,0
51,Dugtrio,Ground,,0.7,33.3,0
52,Meowth,Normal,,0.4,4.2,0
53,Persian,Normal,,1.0,32.0,0
54,Psyduck,Water,,0.8,19.6,0
55,Golduck,Water,,1.7,76.6,0
56,Mankey,Fighting,,0.5,28.0,0
57,Primeape,Fighting,,1.0,32.0,0
58,Growlithe,Fire,,0.7,19.0,0
59,Arcanine,Fire,,1.9,155.0,0
60,Poliwag,Water,,0.6,12.4,0
61,Poliwhirl,Water,,1.0,20.0,0
62,Poliwrath,Water,Fighting,1.3,54.0,0
63,Abra,Psychic,,0.9,19.5,0
64,Kadabra,Psychic,,1.3,56.5,0
65,Alakazam,Psychic,,1.5,48.0,0
66,Machop,Fighting,,0.8,19.5,0
67,Machoke,Fighting,,1.5,70.5,0
68,Machamp,Fighting,,1.6,130.0,0
69,Bellsprout,Grass,Poison,0.7,4.0,0
70,Weepinbell,Grass,Poison,1.0,6.4,0
71,Victreebel,Grass,Poison,1.7,15.5,0
72,Tentacool,Water,Poison,0.9,45.5,0
73,Tentacruel,Water,Poison,1.6,55.0,0
74,Geodude,Rock,Ground,0.4,20.0,0
75,Graveler,Rock,Ground,1.0,105.0,0
76,Golem,Rock,Ground,1.4,300.0,0
77,Ponyta,Fire,,1.0,30.0,0
78,Rapidash,Fire,,1.7,95.0,0
79,Slowpoke,Water,Psychic,1.2,36.0,0
80,Slowbro,Water,Psychic,1.6,78.5,0
81,Magnemite,Electric,Steel,0.3,6.0,0
82,Magneton,Electric,Steel,1.0,60.0,0
83,Farfetchd,Normal,Flying,0.8,15.0,0
84,Doduo,Normal,Flying,1.4,39.2,0
85,Dodrio,Normal,Flying,1.8,85.2,0
86,Seel,Water,,1.1,90.0,0
87,Dewgong,Water,Ice,1.7,120.0,0
88,Grimer,Poison,,0.9,30.0,0
89,Muk,Poison,,1.2,30.0,0
90,Shellder,Water,,0.3,4.0,0
91,Cloyster,Water,Ice,1.5,132.5,0
92,Gastly,Ghost,Poison,1.3,0.1,0
93,Haunter,Ghost,Poison,1.6,0.1,0
94,Gengar,Ghost,Poison,1.5,40.5,0
95,Onix,Rock,Ground,8.8,210.0,0
96,Drowzee,Psychic,,1.0,32.4,0
97,Hypno,Psychic,,1.6,75.6,0
98,Krabby,Water,,0.4,6.5,0
99,Kingler,Water,,1.3,60.0,0
100,Voltorb,Electric,,0.5,10.4,0
101,Electrode,Electric,,1.2,66.6,0
102,Exeggcute,Grass,Psychic,0.4,2.5,0
103,Exeggutor,Grass,Psychic,2.0,120.0,0
104,Cubone,Ground,,0.4,6.5,0
105,Marowak,Ground,,1.0,45.0,0
106,Hitmonlee,Fighting,,1.5,49.8,0
107,Hitmonchan,Fighting,,1.4,50.2,0
108,Lickitung,Normal,,1.2,65.5,0
109,Koffing,Poison,,0.6,1.0,0
110,Weezing,Poison,,1.2,9.5,0
111,Rhyhorn,Ground,Rock,1.0,115.0,0
112,Rhydon,Ground,Rock,1.9,120.0,0
113,Chansey,Normal,,1.1,34.6,0
114,Tangela,Grass,,1.0,35.0,0
115,Kangaskhan,Normal,,2.2,80.0,0
116,Horsea,Water,,0.4,8.0,0
117,Seadra,Water,,1.2,25.0,0
118,Goldeen,Water,,0.6,15.0,0
119,Seaking,Water,,1.3,39.0,0
120,Staryu,Water,,0.8,34.5,0
121,Starmie,Water,Psychic,1.1,80.0,0
122,Mr-mime,Psychic,Fairy,1.3,54.5,0
123,Scyther,Bug,Flying,1.5,56.0,0
124,Jynx,Ice,Psychic,1.4,40.6,0
125,Electabuzz,Electric,,1.1,30.0,0
126,Magmar,Fire,,1.3,44.5,0
127,Pinsir,Bug,,1.5,55.0,0
128,Tauros,Normal,,1.4,88.4,0
129,Magikarp,Water,,0.9,10.0,0
130,Gyarados,Water,Flying,6.5,235.0,0
131,Lapras,Water,Ice,2.5,220.0,0
132,Ditto,Normal,,0.3,4.0,0
133,Eevee,Normal,,0.3,6.5,0
134,Vaporeon,Water,,1.0,29.0,0
135,Jolteon,Electric,,0.8,24.5,0
136,Flareon,Fire,,0.9,25.0,0
137,Porygon,Normal,,0.8,36.5,0
138,Omanyte,Rock,Water,0.4,7.5,0
139,Omastar,Rock,Water,1.0,35.0,0
140,Kabuto,Rock,Water,0.5,11.5,0
141,Kabutops,Rock,Water,1.3,40.5,0
142,Aerodactyl,Rock,Flying,1.8,59.0,0
143,Snorlax,Normal,,2.1,460.0,0
144,Articuno,Ice,Flying,1.7,55.4,1
145,Zapdos,Electric,Flying,1.6,52.6,1
146,Moltres,Fire,Flying,2.0,60.0,1
147,Dratini,Dragon,,1.8,3.3,0
148,Dragonair,Dragon,,4.0,16.5,0
149,Dragonite,Dragon,Flying,2.2,210.0,0
150,Mewtwo,Psychic,,2.0,122.0,1
151,Mew,Psychic,,0.4,4.0,1
152,Chikorita,Grass,,0.9,6.4,0
153,Bayleef,Grass,,1.2,15.8,0
154,Meganium,Grass,,1.8,100.5,0
155,Cyndaquil,Fire,,0.5,7.9,0
156,Quilava,Fire,,0.9,19.0,0
157,Typhlosion,Fire,,1.7,79.5,0
158,Totodile,Water,,0.6,9.5,0
159,Croconaw,Water,,1.1,25.0,0
160,Feraligatr,Water,,2.3,88.8,0
161,Sentret,Normal,,0.8,6.0,0
162,Furret,Normal,,1.8,32.5,0
163,Hoothoot,Normal,Flying,0.7,21.2,0
164,Noctowl,Normal,Flying,1.6,40.8,0
165,Ledyba,Bug,Flying,1.0,10.8,0
166,Ledian,Bug,Flying,1.4,35.6,0
167,Spinarak,Bug,Poison,0.5,8.5,0
168,Ariados,Bug,Poison,1.1,33.5,0
169,Crobat,Poison,Flying,1.8,75.0,0
170,Chinchou,Water,Electric,0.5,12.0,0
171,Lanturn,Water,Electric,1.2,22.5,0
172,Pichu,Electric,,0.3,2.0,0
173,Cleffa,Fairy,,0.3,3.0,0
174,Igglybuff,Normal,Fairy,0.3,1.0,0
175,Togepi,Fairy,,0.3,1.5,0
176,Togetic,Fairy,Flying,0.6,3.2,0
177,Natu,Psychic,Flying,0.2,2.0,0
178,Xatu,Psychic,Flying,1.5,15.0,0
179,Mareep,Electric,,0.6,7.8,0
180,Flaaffy,Electric,,0.8,13.3,0
181,Ampharos,Electric,,1.4,61.5,0
182,Bellossom,Grass,,0.4,5.8,0
183,Marill,Water,Fairy,0.4,8.5,0
184,Azumarill,Water,Fairy,0.8,28.5,0
185,Sudowoodo,Rock,,1.2,38.0,0
186,Politoed,Water,,1.1,33.9,0
187,Hoppip,Grass,Flying,0.4,0.5,0
188,Skiploom,Grass,Flying,0.6,1.0,0
189,Jumpluff,Grass,Flying,0.8,3.0,0
190,Aipom,Normal,,0.8,11.5,0
191,Sunkern,Grass,,0.3,1.8,0
192,Sunflora,Grass,,0.8,8.5,0
193,Yanma,Bug,Flying,1.2,38.0,0
194,Wooper,Water,Ground,0.4,8.5,0
195,Quagsire,Water,Ground,1.4,75.0,0
196,Espeon,Psychic,,0.9,26.5,0
197,Umbreon,Dark,,1.0,27.0,0
198,Murkrow,Dark,Flying,0.5,2.1,0
199,Slowking,Water,Psychic,2.0,79.5,0
200,Misdreavus,Ghost,,0.7,1.0,0
201,Unown,Psychic,,0.5,5.0,0
202,Wobbuffet,Psychic,,1.3,28.5,0
203,Girafarig,Normal,Psychic,1.5,41.5,0
204,Pineco,Bug,,0.6,7.2,0
205,Forretress,Bug,Steel,1.2,125.8,0
206,Dunsparce,Normal,,1.5,14.0,0
207,Gligar,Ground,Flying,1.1,64.8,0
208,Steelix,Steel,Ground,9.2,400.0,0
209,Snubbull,Fairy,,0.6,7.8,0
210,Granbull,Fairy,,1.4,48.7,0
211,Qwilfish,Water,Poison,0.5,3.9,0
212,Scizor,Bug,Steel,1.8,118.0,0
213,Shuckle,Bug,Rock,0.6,20.5,0
214,Heracross,Bug,Fighting,1.5,54.0,0
215,Sneasel,Dark,Ice,0.9,28.0,0
216,Teddiursa,Normal,,0.6,8.8,0
217,Ursaring,Normal,,1.8,125.8,0
218,Slugma,Fire,,0.7,35.0,0
219,Magcargo,Fire,Rock,0.8,55.0,0
220,Swinub,Ice,Ground,0.4,6.5,0
221,Piloswine,Ice,Ground,1.1,55.8,0
222,Corsola,Water,Rock,0.6,5.0,0
223,Remoraid,Water,,0.6,12.0,0
224,Octillery,Water,,0.9,28.5,0
225,Delibird,Ice,Flying,0.9,16.0,0
226,Mantine,Water,Flying,2.1,220.0,0
227,Skarmory,Steel,Flying,1.7,50.5,0
228,Houndour,Dark,Fire,0.6,10.8,0
229,Houndoom,Dark,Fire,1.4,35.0,0
230,Kingdra,Water,Dragon,1.8,152.0,0
231,Phanpy,Ground,,0.5,33.5,0
232,Donphan,Ground,,1.1,120.0,0
233,Porygon2,Normal,,0.6,32.5,0
234,Stantler,Normal,,1.4,71.2,0
235,Smeargle,Normal,,1.2,58.0,0
236,Tyrogue,Fighting,,0.7,21.0,0
237,Hitmontop,Fighting,,1.4,48.0,0
238,Smoochum,Ice,Psychic,0.4,6.0,0
239,Elekid,Electric,,0.6,23.5,0
240,Magby,Fire,,0.7,21.4,0
241,Miltank,Normal,,1.2,75.5,0
242,Blissey,Normal,,1.5,46.8,0
243,Raikou,Electric,,1.9,178.0,1
244,Entei,Fire,,2.1,198.0,1
245,Suicune,Water,,2.0,187.0,1
246,Larvitar,Rock,Ground,0.6,72.0,0
247,Pupitar,Rock,Ground,1.2,152.0,0
248,Tyranitar,Rock,Dark,2.0,202.0,0
249,Lugia,Psychic,Flying,5.2,216.0,1
250,Ho-oh,Fire,Flying,3.8,199.0,1
251,Celebi,Psychic,Grass,0.6,5.0,1
252,Treecko,Grass,,0.5,5.0,0
253,Grovyle,Grass,,0.9,21.6,0
254,Sceptile,Grass,,1.7,52.2,0
255,Torchic,Fire,,0.4,2.5,0
256,Combusken,Fire,Fighting,0.9,19.5,0
257,Blaziken,Fire,Fighting,1.9,52.0,0
258,Mudkip,Water,,0.4,7.6,0
259,Marshtomp,Water,Ground,0.7,28.0,0
260,Swampert,Water,Ground,1.5,81.9,0
261,Poochyena,Dark,,0.5,13.6,0
262,Mightyena,Dark,,1.0,37.0,0
263,Zigzagoon,Normal,,0.4,17.5,0
264,Linoone,Normal,,0.5,32.5,0
265,Wurmple,Bug,,0.3,3.6,0
266,Silcoon,Bug,,0.6,10.0,0
267,Beautifly,Bug,Flying,1.0,28.4,0
268,Cascoon,Bug,,0.7,11.5,0
269,Dustox,Bug,Poison,1.2,31.6,0
270,Lotad,Water,Grass,0.5,2.6,0
271,Lombre,Water,Grass,1.2,32.5,0
272,Ludicolo,Water,Grass,1.5,55.0,0
273,Seedot,Grass,,0.5,4.0,0
274,Nuzleaf,Grass,Dark,1.0,28.0,0
275,Shiftry,Grass,Dark,1.3,59.6,0
276,Taillow,Normal,Flying,0.3,2.3,0
277,Swellow,Normal,Flying,0.7,19.8,0
278,Wingull,Water,Flying,0.6,9.5,0
279,Pelipper,Water,Flying,1.2,28.0,0
280,Ralts,Psychic,Fairy,0.4,6.6,0
281,Kirlia,Psychic,Fairy,0.8,20.2,0
282,Gardevoir,Psychic,Fairy,1.6,48.4,0
283,Surskit,Bug,Water,0.5,1.7,0
284,Masquerain,Bug,Flying,0.8,3.6,0
285,Shroomish,Grass,,0.4,4.5,0
286,Breloom,Grass,Fighting,1.2,39.2,0
287,Slakoth,Normal,,0.8,24.0,0
288,Vigoroth,Normal,,1.4,46.5,0
289,Slaking,Normal,,2.0,130.5,0
290,Nincada,Bug,Ground,0.5,5.5,0
291,Ninjask,Bug,Flying,0.8,12.0,0
292,Shedinja,Bug,Ghost,0.8,1.2,0
293,Whismur,Normal,,0.6,16.3,0
294,Loudred,Normal,,1.0,40.5,0
295,Exploud,Normal,,1.5,84.0,0
296,Makuhita,Fighting,,1.0,86.4,0
297,Hariyama,Fighting,,2.3,253.8,0
298,Azurill,Normal,Fairy,0.2,2.0,0
299,Nosepass,Rock,,1.0,97.0,0
300,Skitty,Normal,,0.6,11.0,0
301,Delcatty,Normal,,1.1,32.6,0
302,Sableye,Dark,Ghost,0.5,11.0,0
303,Mawile,Steel,Fairy,0.6,11.5,0
304,Aron,Steel,Rock,0.4,60.0,0
305,Lairon,Steel,Rock,0.9,120.0,0
306,Aggron,Steel,Rock,2.1,360.0,0
307,Meditite,Fighting,Psychic,0.6,11.2,0
308,Medicham,Fighting,Psychic,1.3,31.5,0
309,Electrike,Electric,,0.6,15.2,0
310,Manectric,Electric,,1.5,40.2,0
311,Plusle,Electric,,0.4,4.2,0
312,Minun,Electric,,0.4,4.2,0
313,Volbeat,Bug,,0.7,17.7,0
314,Illumise,Bug,,0.6,17.7,0
315,Roselia,Grass,Poison,0.3,2.0,0
316,Gulpin,Poison,,0.4,10.3,0
317,Swalot,Poison,,1.7,80.0,0
318,Carvanha,Water,Dark,0.8,20.8,0
319,Sharpedo,Water,Dark,1.8,88.8,0
320,Wailmer,Water,,2.0,130.0,0
321,Wailord,Water,,14.5,398.0,0
322,Numel,Fire,Ground,0.7,24.0,0
323,Camerupt,Fire,Ground,1.9,220.0,0
324,Torkoal,Fire,,0.5,80.4,0
325,Spoink,Psychic,,0.7,30.6,0
326,Grumpig,Psychic,,0.9,71.5,0
327,Spinda,Normal,,1.1,5.0,0
328,Trapinch,Ground,,0.7,15.0,0
329,Vibrava,Ground,Dragon,1.1,15.3,0
330,Flygon,Ground,Dragon,2.0,82.0,0
331,Cacnea,Grass,,0.4,51.3,0
332,Cacturne,Grass,Dark,1.3,77.4,0
333,Swablu,Normal,Flying,0.4,1.2,0
334,Altaria,Dragon,Flying,1.1,20.6,0
335,Zangoose,Normal,,1.3,40.3,0
336,Seviper,Poison,,2.7,52.5,0
337,Lunatone,Rock,Psychic,1.0,168.0,0
338,Solrock,Rock,Psychic,1.2,154.0,0
339,Barboach,Water,Ground,0.4,1.9,0
340,Whiscash,Water,Ground,0.9,23.6,0
341,Corphish,Water,,0.6,11.5,0
342,Crawdaunt,Water,Dark,1.1,32.8,0
343,Baltoy,Ground,Psychic,0.5,21.5,0
344,Claydol,Ground,Psychic,1.5,108.0,0
345,Lileep,Rock,Grass,1.0,23.8,0
346,Cradily,Rock,Grass,1.5,60.4,0
347,Anorith,Rock,Bug,0.7,12.5,0
348,Armaldo,Rock,Bug,1.5,68.2,0
349,Feebas,Water,,0.6,7.4,0
350,Milotic,Water,,6.2,162.0,0
351,Castform,Normal,,0.3,0.8,0
352,Kecleon,Normal,,1.0,22.0,0
353,Shuppet,Ghost,,0.6,2.3,0
354,Banette,Ghost,,1.1,12.5,0
355,Duskull,Ghost,,0.8,15.0,0
356,Dusclops,Ghost,,1.6,30.6,0
357,Tropius,Grass,Flying,2.0,100.0,0
358,Chimecho,Psychic,,0.6,1.0,0
359,Absol,Dark,,1.2,47.0,0
360,Wynaut,Psychic,,0.6,14.0,0
361,Snorunt,Ice,,0.7,16.8,0
362,Glalie,Ice,,1.5,256.5,0
363,Spheal,Ice,Water,0.8,39.5,0
364,Sealeo,Ice,Water,1.1,87.6,0
365,Walrein,Ice,Water,1.4,150.6,0
366,Clamperl,Water,,0.4,52.5,0
367,Huntail,Water,,1.7,27.0,0
368,Gorebyss,Water,,1.8,22.6,0
369,Relicanth,Water,Rock,1.0,23.4,0
370,Luvdisc,Water,,0.6,8.7,0
371,Bagon,Dragon,,0.6,42.1,0
372,Shelgon,Dragon,,1.1,110.5,0
373,Salamence,Dragon,Flying,1.5,102.6,0
374,Beldum,Steel,Psychic,0.6,95.2,0
375,Metang,Steel,Psychic,1.2,202.5,0
376,Metagross,Steel,Psychic,1.6,550.0,0
377,Regirock,Rock,,1.7,230.0,1
378,Regice,Ice,,1.8,175.0,1
379,Registeel,Steel,,1.9,205.0,1
380,Latias,Dragon,Psychic,1.4,40.0,1
381,Latios,Dragon,Psychic,2.0,60.0,1
382,Kyogre,Water,,4.5,352.0,1
383,Groudon,Ground,,3.5,950.0,1
384,Rayquaza,Dragon,Flying,7.0,206.5,1
385,Jirachi,Steel,Psychic,0.3,1.1,1
386,Deoxys-normal,Psychic,,1.7,60.8,1
387,Turtwig,Grass,,0.4,10.2,0
388,Grotle,Grass,,1.1,97.0,0
389,Torterra,Grass,Ground,2.2,310.0,0
390,Chimchar,Fire,,0.5,6.2,0
391,Monferno,Fire,Fighting,0.9,22.0,0
392,Infernape,Fire,Fighting,1.2,55.0,0
393,Piplup,Water,,0.4,5.2,0
394,Prinplup,Water,,0.8,23.0,0
395,Empoleon,Water,Steel,1.7,84.5,0
396,Starly,Normal,Flying,0.3,2.0,0
397,Staravia,Normal,Flying,0.6,15.5,0
398,Staraptor,Normal,Flying,1.2,24.9,0
399,Bidoof,Normal,,0.5,20.0,0
400,Bibarel,Normal,Water,1.0,31.5,0
401,Kricketot,Bug,,0.3,2.2,0
402,Kricketune,Bug,,1.0,25.5,0
403,Shinx,Electric,,0.5,9.5,0
404,Luxio,Electric,,0.9,30.5,0
405,Luxray,Electric,,1.4,42.0,0
406,Budew,Grass,Poison,0.2,1.2,0
407,Roserade,Grass,Poison,0.9,14.5,0
408,Cranidos,Rock,,0.9,31.5,0
409,Rampardos,Rock,,1.6,102.5,0
410,Shieldon,Rock,Steel,0.5,57.0,0
411,Bastiodon,Rock,Steel,1.3,149.5,0
412,Burmy,Bug,,0.2,3.4,0
413,Wormadam-plant,Bug,Grass,0.5,6.5,0
414,Mothim,Bug,Flying,0.9,23.3,0
415,Combee,Bug,Flying,0.3,5.5,0
416,Vespiquen,Bug,Flying,1.2,38.5,0
417,Pachirisu,Electric,,0.4,3.9,0
418,Buizel,Water,,0.7,29.5,0
419,Floatzel,Water,,1.1,33.5,0
420,Cherubi,Grass,,0.4,3.3,0
421,Cherrim,Grass,,0.5,9.3,0
422,Shellos,Water,,0.3,6.3,0
423,Gastrodon,Water,Ground,0.9,29.9,0
424,Ambipom,Normal,,1.2,20.3,0
425,Drifloon,Ghost,Flying,0.4,1.2,0
426,Drifblim,Ghost,Flying,1.2,15.0,0
427,Buneary,Normal,,0.4,5.5,0
428,Lopunny,Normal,,1.2,33.3,0
429,Mismagius,Ghost,,0.9,4.4,0
430,Honchkrow,Dark,Flying,0.9,27.3,0
431,Glameow,Normal,,0.5,3.9,0
432,Purugly,Normal,,1.0,43.8,0
433,Chingling,Psychic,,0.2,0.6,0
434,Stunky,Poison,Dark,0.4,19.2,0
435,Skuntank,Poison,Dark,1.0,38.0,0
436,Bronzor,Steel,Psychic,0.5,60.5,0
437,Bronzong,Steel,Psychic,1.3,187.0,0
438,Bonsly,Rock,,0.5,15.0,0
439,Mime-jr,Psychic,Fairy,0.6,13.0,0
440,Happiny,Normal,,0.6,24.4,0
441,Chatot,Normal,Flying,0.5,1.9,0
442,Spiritomb,Ghost,Dark,1.0,108.0,0
443,Gible,Dragon,Ground,0.7,20.5,0
444,Gabite,Dragon,Ground,1.4,56.0,0
445,Garchomp,Dragon,Ground,1.9,95.0,0
446,Munchlax,Normal,,0.6,105.0,0
447,Riolu,Fighting,,0.7,20.2,0
448,Lucario,Fighting,Steel,1.2,54.0,0
449,Hippopotas,Ground,,0.8,49.5,0
450,Hippowdon,Ground,,2.0,300.0,0
451,Skorupi,Poison,Bug,0.8,12.0,0
452,Drapion,Poison,Dark,1.3,61.5,0
453,Croagunk,Poison,Fighting,0.7,23.0,0
454,Toxicroak,Poison,Fighting,1.3,44.4,0
455,Carnivine,Grass,,1.4,27.0,0
456,Finneon,Water,,0.4,7.0,0
457,Lumineon,Water,,1.2,24.0,0
458,Mantyke,Water,Flying,1.0,65.0,0
459,Snover,Grass,Ice,1.0,50.5,0
460,Abomasnow,Grass,Ice,2.2,135.5,0
461,Weavile,Dark,Ice,1.1,34.0,0
462,Magnezone,Electric,Steel,1.2,180.0,0
463,Lickilicky,Normal,,1.7,140.0,0
464,Rhyperior,Ground,Rock,2.4,282.8,0
465,Tangrowth,Grass,,2.0,128.6,0
466,Electivire,Electric,,1.8,138.6,0
467,Magmortar,Fire,,1.6,68.0,0
468,Togekiss,Fairy,Flying,1.5,38.0,0
469,Yanmega,Bug,Flying,1.9,51.5,0
470,Leafeon,Grass,,1.0,25.5,0
471,Glaceon,Ice,,0.8,25.9,0
472,Gliscor,Ground,Flying,2.0,42.5,0
473,Mamoswine,Ice,Ground,2.5,291.0,0
474,Porygon-z,Normal,,0.9,34.0,0
475,Gallade,Psychic,Fighting,1.6,52.0,0
476,Probopass,Rock,Steel,1.4,340.0,0
477,Dusknoir,Ghost,,2.2,106.6,0
478,Froslass,Ice,Ghost,1.3,26.6,0
479,Rotom,Electric,Ghost,0.3,0.3,0
480,Uxie,Psychic,,0.3,0.3,1
481,Mesprit,Psychic,,0.3,0.3,1
482,Azelf,Psychic,,0.3,0.3,1
483,Dialga,Steel,Dragon,5.4,683.0,1
484,Palkia,Water,Dragon,4.2,336.0,1
485,Heatran,Fire,Steel,1.7,430.0,1
486,Regigigas,Normal,,3.7,420.0,1
487,Giratina-altered,Ghost,Dragon,4.5,750.0,1
488,Cresselia,Psychic,,1.5,85.6,1
489,Phione,Water,,0.4,3.1,1
490,Manaphy,Water,,0.3,1.4,1
491,Darkrai,Dark,,1.5,50.5,1
492,Shaymin-land,Grass,,0.2,2.1,1
493,Arceus,Normal,,3.2,320.0,1
494,Victini,Psychic,Fire,0.4,4.0,1
495,Snivy,Grass,,0.6,8.1,0
496,Servine,Grass,,0.8,16.0,0
497,Serperior,Grass,,3.3,63.0,0
498,Tepig,Fire,,0.5,9.9,0
499,Pignite,Fire,Fighting,1.0,55.5,0
500,Emboar,Fire,Fighting,1.6,150.0,0
501,Oshawott,Water,,0.5,5.9,0
502,Dewott,Water,,0.8,24.5,0
503,Samurott,Water,,1.5,94.6,0
504,Patrat,Normal,,0.5,11.6,0
505,Watchog,Normal,,1.1,27.0,0
506,Lillipup,Normal,,0.4,4.1,0
507,Herdier,Normal,,0.9,14.7,0
508,Stoutland,Normal,,1.2,61.0,0
509,Purrloin,Dark,,0.4,10.1,0
510,Liepard,Dark,,1.1,37.5,0
511,Pansage,Grass,,0.6,10.5,0
512,Simisage,Grass,,1.1,30.5,0
513,Pansear,Fire,,0.6,11.0,0
514,Simisear,Fire,,1.0,28.0,0
515,Panpour,Water,,0.6,13.5,0
516,Simipour,Water,,1.0,29.0,0
517,Munna,Psychic,,0.6,23.3,0
518,Musharna,Psychic,,1.1,60.5,0
519,Pidove,Normal,Flying,0.3,2.1,0
520,Tranquill,Normal,Flying,0.6,15.0,0
521,Unfezant,Normal,Flying,1.2,29.0,0
522,Blitzle,Electric,,0.8,29.8,0
523,Zebstrika,Electric,,1.6,79.5,0
524,Roggenrola,Rock,,0.4,18.0,0
525,Boldore,Rock,,0.9,102.0,0
526,Gigalith,Rock,,1.7,260.0,0
527,Woobat,Psychic,Flying,0.4,2.1,0
528,Swoobat,Psychic,Flying,0.9,10.5,0
529,Drilbur,Ground,,0.3,8.5,0
530,Excadrill,Ground,Steel,0.7,40.4,0
531,Audino,Normal,,1.1,31.0,0
532,Timburr,Fighting,,0.6,12.5,0
533,Gurdurr,Fighting,,1.2,40.0,0
534,Conkeldurr,Fighting,,1.4,87.0,0
535,Tympole,Water,,0.5,4.5,0
536,Palpitoad,Water,Ground,0.8,17.0,0
537,Seismitoad,Water,Ground,1.5,62.0,0
538,Throh,Fighting,,1.3,55.5,0
539,Sawk,Fighting,,1.4,51.0,0
540,Sewaddle,Bug,Grass,0.3,2.5,0
541,Swadloon,Bug,Grass,0.5,7.3,0
542,Leavanny,Bug,Grass,1.2,20.5,0
543,Venipede,Bug,Poison,0.4,5.3,0
544,Whirlipede,Bug,Poison,1.2,58.5,0
545,Scolipede,Bug,Poison,2.5,200.5,0
546,Cottonee,Grass,Fairy,0.3,0.6,0
547,Whimsicott,Grass,Fairy,0.7,6.6,0
548,Petilil,Grass,,0.5,6.6,0
549,Lilligant,Grass,,1.1,16.3,0
550,Basculin-red-striped,Water,,1.0,18.0,0
551,Sandile,Ground,Dark,0.7,15.2,0
552,Krokorok,Ground,Dark,1.0,33.4,0
553,Krookodile,Ground,Dark,1.5,96.3,0
554,Darumaka,Fire,,0.6,37.5,0
555,Darmanitan-standard,Fire,,1.3,92.9,0
556,Maractus,Grass,,1.0,28.0,0
557,Dwebble,Bug,Rock,0.3,14.5,0
558,Crustle,Bug,Rock,1.4,200.0,0
559,Scraggy,Dark,Fighting,0.6,11.8,0
560,Scrafty,Dark,Fighting,1.1,30.0,0
561,Sigilyph,Psychic,Flying,1.4,14.0,0
562,Yamask,Ghost,,0.5,1.5,0
563,Cofagrigus,Ghost,,1.7,76.5,0
564,Tirtouga,Water,Rock,0.7,16.5,0
565,Carracosta,Water,Rock,1.2,81.0,0
566,Archen,Rock,Flying,0.5,9.5,0
567,Archeops,Rock,Flying,1.4,32.0,0
568,Trubbish,Poison,,0.6,31.0,0
569,Garbodor,Poison,,1.9,107.3,0
570,Zorua,Dark,,0.7,12.5,0
571,Zoroark,Dark,,1.6,81.1,0
572,Minccino,Normal,,0.4,5.8,0
573,Cinccino,Normal,,0.5,7.5,0
574,Gothita,Psychic,,0.4,5.8,0
575,Gothorita,Psychic,,0.7,18.0,0
576,Gothitelle,Psychic,,1.5,44.0,0
577,Solosis,Psychic,,0.3,1.0,0
578,Duosion,Psychic,,0.6,8.0,0
579,Reuniclus,Psychic,,1.0,20.1,0
580,Ducklett,Water,Flying,0.5,5.5,0
581,Swanna,Water,Flying,1.3,24.2,0
582,Vanillite,Ice,,0.4,5.7,0
583,Vanillish,Ice,,1.1,41.0,0
584,Vanilluxe,Ice,,1.3,57.5,0
585,Deerling,Normal,Grass,0.6,19.5,0
586,Sawsbuck,Normal,Grass,1.9,92.5,0
587,Emolga,Electric,Flying,0.4,5.0,0
588,Karrablast,Bug,,0.5,5.9,0
589,Escavalier,Bug,Steel,1.0,33.0,0
590,Foongus,Grass,Poison,0.2,1.0,0
591,Amoonguss,Grass,Poison,0.6,10.5,0
592,Frillish-male,Water,Ghost,1.2,33.0,0
593,Jellicent-male,Water,Ghost,2.2,135.0,0
594,Alomomola,Water,,1.2,31.6,0
595,Joltik,Bug,Electric,0.1,0.6,0
596,Galvantula,Bug,Electric,0.8,14.3,0
597,Ferroseed,Grass,Steel,0.6,18.8,0
598,Ferrothorn,Grass,Steel,1.0,110.0,0
599,Klink,Steel,,0.3,21.0,0
600,Klang,Steel,,0.6,51.0,0
601,Klinklang,Steel,,0.6,81.0,0
602,Tynamo,Electric,,0.2,0.3,0
603,Eelektrik,Electric,,1.2,22.0,0
604,Eelektross,Electric,,2.1,80.5,0
605,Elgyem,Psychic,,0.5,9.0,0
606,Beheeyem,Psychic,,1.0,34.5,0
607,Litwick,Ghost,Fire,0.3,3.1,0
608,Lampent,Ghost,Fire,0.6,13.0,0
609,Chandelure,Ghost,Fire,1.0,34.3,0
610,Axew,Dragon,,0.6,18.0,0
611,Fraxure,Dragon,,1.0,36.0,0
612,Haxorus,Dragon,,1.8,105.5,0
613,Cubchoo,Ice,,0.5,8.5,0
614,Beartic,Ice,,2.6,260.0,0
615,Cryogonal,Ice,,1.1,148.0,0
616,Shelmet,Bug,,0.4,7.7,0
617,Accelgor,Bug,,0.8,25.3,0
618,Stunfisk,Ground,Electric,0.7,11.0,0
619,Mienfoo,Fighting,,0.9,20.0,0
620,Mienshao,Fighting,,1.4,35.5,0
621,Druddigon,Dragon,,1.6,139.0,0
622,Golett,Ground,Ghost,1.0,92.0,0
623,Golurk,Ground,Ghost,2.8,330.0,0
624,Pawniard,Dark,Steel,0.5,10.2,0
625,Bisharp,Dark,Steel,1.6,70.0,0
626,Bouffalant,Normal,,1.6,94.6,0
627,Rufflet,Normal,Flying,0.5,10.5,0
628,Braviary,Normal,Flying,1.5,41.0,0
629,Vullaby,Dark,Flying,0.5,9.0,0
630,Mandibuzz,Dark,Flying,1.2,39.5,0
631,Heatmor,Fire,,1.4,58.0,0
632,Durant,Bug,Steel,0.3,33.0,0
633,Deino,Dark,Dragon,0.8,17.3,0
634,Zweilous,Dark,Dragon,1.4,50.0,0
635,Hydreigon,Dark,Dragon,1.8,160.0,0
636,Larvesta,Bug,Fire,1.1,28.8,0
637,Volcarona,Bug,Fire,1.6,46.0,0
638,Cobalion,Steel,Fighting,2.1,250.0,1
639,Terrakion,Rock,Fighting,1.9,260.0,1
640,Virizion,Grass,Fighting,2.0,200.0,1
641,Tornadus-incarnate,Flying,,1.5,63.0,1
642,Thundurus-incarnate,Electric,Flying,1.5,61.0,1
643,Reshiram,Dragon,Fire,3.2,330.0,1
644,Zekrom,Dragon,Electric,2.9,345.0,1
645,Landorus-incarnate,Ground,Flying,1.5,68.0,1
646,Kyurem,Dragon,Ice,3.0,325.0,1
647,Keldeo-ordinary,Water,Fighting,1.4,48.5,1
648,Meloetta-aria,Normal,Psychic,0.6,6.5,1
649,Genesect,Bug,Steel,1.5,82.5,1
650,Chespin,Grass,,0.4,9.0,0
651,Quilladin,Grass,,0.7,29.0,0
652,Chesnaught,Grass,Fighting,1.6,90.0,0
653,Fennekin,Fire,,0.4,9.4,0
654,Braixen,Fire,,1.0,14.5,0
655,Delphox,Fire,Psychic,1.5,39.0,0
656,Froakie,Water,,0.3,7.0,0
657,Frogadier,Water,,0.6,10.9,0
658,Greninja,Water,Dark,1.5,40.0,0
659,Bunnelby,Normal,,0.4,5.0,0
660,Diggersby,Normal,Ground,1.0,42.4,0
661,Fletchling,Normal,Flying,0.3,1.7,0
662,Fletchinder,Fire,Flying,0.7,16.0,0
663,Talonflame,Fire,Flying,1.2,24.5,0
664,Scatterbug,Bug,,0.3,2.5,0
665,Spewpa,Bug,,0.3,8.4,0
666,Vivillon,Bug,Flying,1.2,17.0,0
667,Litleo,Fire,Normal,0.6,13.5,0
668,Pyroar-male,Fire,Normal,1.5,81.5,0
669,Flabebe,Fairy,,0.1,0.1,0
670,Floette,Fairy,,0.2,0.9,0
671,Florges,Fairy,,1.1,10.0,0
672,Skiddo,Grass,,0.9,31.0,0
673,Gogoat,Grass,,1.7,91.0,0
674,Pancham,Fighting,,0.6,8.0,0
675,Pangoro,Fighting,Dark,2.1,136.0,0
676,Furfrou,Normal,,1.2,28.0,0
677,Espurr,Psychic,,0.3,3.5,0
678,Meowstic-male,Psychic,,0.6,8.5,0
679,Honedge,Steel,Ghost,0.8,2.0,0
680,Doublade,Steel,Ghost,0.8,4.5,0
681,Aegislash-shield,Steel,Ghost,1.7,53.0,0
682,Spritzee,Fairy,,0.2,0.5,0
683,Aromatisse,Fairy,,0.8,15.5,0
684,Swirlix,Fairy,,0.4,3.5,0
685,Slurpuff,Fairy,,0.8,5.0,0
686,Inkay,Dark,Psychic,0.4,3.5,0
687,Malamar,Dark,Psychic,1.5,47.0,0
688,Binacle,Rock,Water,0.5,31.0,0
689,Barbaracle,Rock,Water,1.3,96.0,0
690,Skrelp,Poison,Water,0.5,7.3,0
691,Dragalge,Poison,Dragon,1.8,81.5,0
692,Clauncher,Water,,0.5,8.3,0
693,Clawitzer,Water,,1.3,35.3,0
694,Helioptile,Electric,Normal,0.5,6.0,0
695,Heliolisk,Electric,Normal,1.0,21.0,0
696,Tyrunt,Rock,Dragon,0.8,26.0,0
697,Tyrantrum,Rock,Dragon,2.5,270.0,0
698,Amaura,Rock,Ice,1.3,25.2,0
699,Aurorus,Rock,Ice,2.7,225.0,0
700,Sylveon,Fairy,,1.0,23.5,0
701,Hawlucha,Fighting,Flying,0.8,21.5,0
702,Dedenne,Electric,Fairy,0.2,2.2,0
703,Carbink,Rock,Fairy,0.3,5.7,0
704,Goomy,Dragon,,0.3,2.8,0
705,Sliggoo,Dragon,,0.8,17.5,0
706,Goodra,Dragon,,2.0,150.5,0
707,Klefki,Steel,Fairy,0.2,3.0,0
708,Phantump,Ghost,Grass,0.4,7.0,0
709,Trevenant,Ghost,Grass,1.5,71.0,0
710,Pumpkaboo-average,Ghost,Grass,0.4,5.0,0
711,Gourgeist-average,Ghost,Grass,0.9,12.5,0
712,Bergmite,Ice,,1.0,99.5,0
713,Avalugg,Ice,,2.0,505.0,0
714,Noibat,Flying,Dragon,0.5,8.0,0
715,Noivern,Flying,Dragon,1.5,85.0,0
716,Xerneas,Fairy,,3.0,215.0,1
717,Yveltal,Dark,Flying,5.8,203.0,1
718,Zygarde-50,Dragon,Ground,5.0,305.0,1
719,Diancie,Rock,Fairy,0.7,8.8,1
720,Hoopa,Psychic,Ghost,0.5,9.0,1
721,Volcanion,Fire,Water,1.7,195.0,1
722,Rowlet,Grass,Flying,0.3,1.5,0
723,Dartrix,Grass,Flying,0.7,16.0,0
724,Decidueye,Grass,Ghost,1.6,36.6,0
725,Litten,Fire,,0.4,4.3,0
726,Torracat,Fire,,0.7,25.0,0
727,Incineroar,Fire,Dark,1.8,83.0,0
728,Popplio,Water,,0.4,7.5,0
729,Brionne,Water,,0.6,17.5,0
730,Primarina,Water,Fairy,1.8,44.0,0
731,Pikipek,Normal,Flying,0.3,1.2,0
732,Trumbeak,Normal,Flying,0.6,14.8,0
733,Toucannon,Normal,Flying,1.1,26.0,0
734,Yungoos,Normal,,0.4,6.0,0
735,Gumshoos,Normal,,0.7,14.2,0
736,Grubbin,Bug,,0.4,4.4,0
737,Charjabug,Bug,Electric,0.5,10.5,0
738,Vikavolt,Bug,Electric,1.5,45.0,0
739,Crabrawler,Fighting,,0.6,7.0,0
740,Crabominable,Fighting,Ice,1.7,180.0,0
741,Oricorio-baile,Fire,Flying,0.6,3.4,0
742,Cutiefly,Bug,Fairy,0.1,0.2,0
743,Ribombee,Bug,Fairy,0.2,0.5,0
744,Rockruff,Rock,,0.5,9.2,0
745,Lycanroc-midday,Rock,,0.8,25.0,0
746,Wishiwashi-solo,Water,,0.2,0.3,0
747,Mareanie,Poison,Water,0.4,8.0,0
748,Toxapex,Poison,Water,0.7,14.5,0
749,Mudbray,Ground,,1.0,110.0,0
750,Mudsdale,Ground,,2.5,920.0,0
751,Dewpider,Water,Bug,0.3,4.0,0
752,Araquanid,Water,Bug,1.8,82.0,0
753,Fomantis,Grass,,0.3,1.5,0
754,Lurantis,Grass,,0.9,18.5,0
755,Morelull,Grass,Fairy,0.2,1.5,0
756,Shiinotic,Grass,Fairy,1.0,11.5,0
757,Salandit,Poison,Fire,0.6,4.8,0
758,Salazzle,Poison,Fire,1.2,22.2,0
759,Stufful,Normal,Fighting,0.5,6.8,0
760,Bewear,Normal,Fighting,2.1,135.0,0
761,Bounsweet,Grass,,0.3,3.2,0
762,Steenee,Grass,,0.7,8.2,0
763,Tsareena,Grass,,1.2,21.4,0
764,Comfey,Fairy,,0.1,0.3,0
765,Oranguru,Normal,Psychic,1.5,76.0,0
766,Passimian,Fighting,,2.0,82.8,0
767,Wimpod,Bug,Water,0.5,12.0,0
768,Golisopod,Bug,Water,2.0,108.0,0
769,Sandygast,Ghost,Ground,0.5,70.0,0
770,Palossand,Ghost,Ground,1.3,250.0,0
771,Pyukumuku,Water,,0.3,1.2,0
772,Type-null,Normal,,1.9,120.5,1
773,Silvally,Normal,,2.3,100.5,1
774,Minior-red-meteor,Rock,Flying,0.3,40.0,0
775,Komala,Normal,,0.4,19.9,0
776,Turtonator,Fire,Dragon,2.0,212.0,0
777,Togedemaru,Electric,Steel,0.3,3.3,0
778,Mimikyu-disguised,Ghost,Fairy,0.2,0.7,0
779,Bruxish,Water,Psychic,0.9,19.0,0
780,Drampa,Normal,Dragon,3.0,185.0,0
781,Dhelmise,Ghost,Grass,3.9,210.0,0
782,Jangmo-o,Dragon,,0.6,29.7,0
783,Hakamo-o,Dragon,Fighting,1.2,47.0,0
784,Kommo-o,Dragon,Fighting,1.6,78.2,0
785,Tapu-koko,Electric,Fairy,1.8,20.5,1
786,Tapu-lele,Psychic,Fairy,1.2,18.6,1
787,Tapu-bulu,Grass,Fairy,1.9,45.5,1
788,Tapu-fini,Water,Fairy,1.3,21.2,1
789,Cosmog,Psychic,,0.2,0.1,1
790,Cosmoem,Psychic,,0.1,999.9,1
791,Solgaleo,Psychic,Steel,3.4,230.0,1
792,Lunala,Psychic,Ghost,4.0,120.0,1
793,Nihilego,Rock,Poison,1.2,55.5,0
794,Buzzwole,Bug,Fighting,2.4,333.6,0
795,Pheromosa,Bug,Fighting,1.8,25.0,0
796,Xurkitree,Electric,,3.8,100.0,0
797,Celesteela,Steel,Flying,9.2,999.9,0
798,Kartana,Grass,Steel,0.3,0.1,0
799,Guzzlord,Dark,Dragon,5.5,888.0,0
800,Necrozma,Psychic,,2.4,230.0,1
801,Magearna,Steel,Fairy,1.0,80.5,1
802,Marshadow,Fighting,Ghost,0.7,22.2,1
803,Poipole,Poison,,0.6,1.8,0
804,Naganadel,Poison,Dragon,3.6,150.0,0
805,Stakataka,Rock,Steel,5.5,820.0,0
806,Blacephalon,Fire,Ghost,1.8,13.0,0
807,Zeraora,Electric,,1.5,44.5,1
808,Meltan,Steel,,0.2,8.0,1
809,Melmetal,Steel,,2.5,800.0,1
810,Grookey,Grass,,0.3,5.0,0
811,Thwackey,Grass,,0.7,14.0,0
812,Rillaboom,Grass,,2.1,90.0,0
813,Scorbunny,Fire,,0.3,4.5,0
814,Raboot,Fire,,0.6,9.0,0
815,Cinderace,Fire,,1.4,33.0,0
816,Sobble,Water,,0.3,4.0,0
817,Drizzile,Water,,0.7,11.5,0
818,Inteleon,Water,,1.9,45.2,0
819,Skwovet,Normal,,0.3,2.5,0
820,Greedent,Normal,,0.6,6.0,0
821,Rookidee,Flying,,0.2,1.8,0
822,Corvisquire,Flying,,0.8,16.0,0
823,Corviknight,Flying,Steel,2.2,75.0,0
824,Blipbug,Bug,,0.4,8.0,0
825,Dottler,Bug,Psychic,0.4,19.5,0
826,Orbeetle,Bug,Psychic,0.4,40.8,0
827,Nickit,Dark,,0.6,8.9,0
828,Thievul,Dark,,1.2,19.9,0
829,Gossifleur,Grass,,0.4,2.2,0
830,Eldegoss,Grass,,0.5,2.5,0
831,Wooloo,Normal,,0.6,6.0,0
832,Dubwool,Normal,,1.3,43.0,0
833,Chewtle,Water,,0.3,8.5,0
834,Drednaw,Water,Rock,1.0,115.5,0
835,Yamper,Electric,,0.3,13.5,0
836,Boltund,Electric,,1.0,34.0,0
837,Rolycoly,Rock,,0.3,12.0,0
838,Carkol,Rock,Fire,1.1,78.0,0
839,Coalossal,Rock,Fire,2.8,310.5,0
840,Applin,Grass,Dragon,0.2,0.5,0
841,Flapple,Grass,Dragon,0.3,1.0,0
842,Appletun,Grass,Dragon,0.4,13.0,0
843,Silicobra,Ground,,2.2,7.6,0
844,Sandaconda,Ground,,3.8,65.5,0
845,Cramorant,Flying,Water,0.8,18.0,0
846,Arrokuda,Water,,0.5,1.0,0
847,Barraskewda,Water,,1.3,30.0,0
848,Toxel,Electric,Poison,0.4,11.0,0
849,Toxtricity-amped,Electric,Poison,1.6,40.0,0
850,Sizzlipede,Fire,Bug,0.7,1.0,0
851,Centiskorch,Fire,Bug,3.0,120.0,0
852,Clobbopus,Fighting,,0.6,4.0,0
853,Grapploct,Fighting,,1.6,39.0,0
854,Sinistea,Ghost,,0.1,0.2,0
855,Polteageist,Ghost,,0.2,0.4,0
856,Hatenna,Psychic,,0.4,3.4,0
857,Hattrem,Psychic,,0.6,4.8,0
858,Hatterene,Psychic,Fairy,2.1,5.1,0
859,Impidimp,Dark,Fairy,0.4,5.5,0
860,Morgrem,Dark,Fairy,0.8,12.5,0
861,Grimmsnarl,Dark,Fairy,1.5,61.0,0
862,Obstagoon,Dark,Normal,1.6,46.0,0
863,Perrserker,Steel,,0.8,28.0,0
864,Cursola,Ghost,,1.0,0.4,0
865,Sirfetchd,Fighting,,0.8,117.0,0
866,Mr-rime,Ice,Psychic,1.5,58.2,0
867,Runerigus,Ground,Ghost,1.6,66.6,0
868,Milcery,Fairy,,0.2,0.3,0
869,Alcremie,Fairy,,0.3,0.5,0
870,Falinks,Fighting,,3.0,62.0,0
871,Pincurchin,Electric,,0.3,1.0,0
872,Snom,Ice,Bug,0.3,3.8,0
873,Frosmoth,Ice,Bug,1.3,42.0,0
874,Stonjourner,Rock,,2.5,520.0,0
875,Eiscue-ice,Ice,,1.4,89.0,0
876,Indeedee-male,Psychic,Normal,0.9,28.0,0
877,Morpeko-full-belly,Electric,Dark,0.3,3.0,0
878,Cufant,Steel,,1.2,100.0,0
879,Copperajah,Steel,,3.0,650.0,0
880,Dracozolt,Electric,Dragon,1.8,190.0,0
881,Arctozolt,Electric,Ice,2.3,150.0,0
882,Dracovish,Water,Dragon,2.3,215.0,0
883,Arctovish,Water,Ice,2.0,175.0,0
884,Duraludon,Steel,Dragon,1.8,40.0,0
885,Dreepy,Dragon,Ghost,0.5,2.0,0
886,Drakloak,Dragon,Ghost,1.4,11.0,0
887,Dragapult,Dragon,Ghost,3.0,50.0,0
888,Zacian,Fairy,,2.8,110.0,1
889,Zamazenta,Fighting,,2.9,210.0,1
890,Eternatus,Poison,Dragon,20.0,950.0,1
891,Kubfu,Fighting,,0.6,12.0,1
892,Urshifu-single-strike,Fighting,Dark,1.9,105.0,1
893,Zarude,Dark,Grass,1.8,70.0,1
894,Regieleki,Electric,,1.2,145.0,1
895,Regidrago,Dragon,,2.1,200.0,1
896,Glastrier,Ice,,2.2,800.0,1
897,Spectrier,Ghost,,2.0,44.5,1
898,Calyrex,Psychic,Grass,1.1,7.7,1
899,Wyrdeer,Normal,Psychic,1.8,95.1,0
900,Kleavor,Bug,Rock,1.8,89.0,0
901,Ursaluna,Ground,Normal,2.4,290.0,0
902,Basculegion-male,Water,Ghost,3.0,110.0,0
903,Sneasler,Fighting,Poison,1.3,43.0,0
904,Overqwil,Dark,Poison,2.5,60.5,0
905,Enamorus-incarnate,Fairy,Flying,1.6,48.0,1
906,Sprigatito,Grass,,0.4,4.1,0
907,Floragato,Grass,,0.9,12.2,0
908,Meowscarada,Grass,Dark,1.5,31.2,0
909,Fuecoco,Fire,,0.4,9.8,0
910,Crocalor,Fire,,1.0,30.7,0
911,Skeledirge,Fire,Ghost,1.6,326.5,0
912,Quaxly,Water,,0.5,6.1,0
913,Quaxwell,Water,,1.2,21.5,0
914,Quaquaval,Water,Fighting,1.8,61.9,0
915,Lechonk,Normal,,0.5,10.2,0
916,Oinkologne-male,Normal,,1.0,120.0,0
917,Tarountula,Bug,,0.3,4.0,0
918,Spidops,Bug,,1.0,16.5,0
919,Nymble,Bug,,0.2,1.0,0
920,Lokix,Bug,Dark,1.0,17.5,0
921,Pawmi,Electric,,0.3,2.5,0
922,Pawmo,Electric,Fighting,0.4,6.5,0
923,Pawmot,Electric,Fighting,0.9,41.0,0
924,Tandemaus,Normal,,0.3,1.8,0
925,Maushold-family-of-four,Normal,,0.3,2.8,0
926,Fidough,Fairy,,0.3,10.9,0
927,Dachsbun,Fairy,,0.5,14.9,0
928,Smoliv,Grass,Normal,0.3,6.5,0
929,Dolliv,Grass,Normal,0.6,11.9,0
930,Arboliva,Grass,Normal,1.4,48.2,0
931,Squawkabilly-green-plumage,Normal,Flying,0.6,2.4,0
932,Nacli,Rock,,0.4,16.0,0
933,Naclstack,Rock,,0.6,105.0,0
934,Garganacl,Rock,,2.3,240.0,0
935,Charcadet,Fire,,0.6,10.5,0
936,Armarouge,Fire,Psychic,1.5,85.0,0
937,Ceruledge,Fire,Ghost,1.6,62.0,0
938,Tadbulb,Electric,,0.3,0.4,0
939,Bellibolt,Electric,,1.2,113.0,0
940,Wattrel,Electric,Flying,0.4,3.6,0
941,Kilowattrel,Electric,Flying,1.4,38.6,0
942,Maschiff,Dark,,0.5,16.0,0
943,Mabosstiff,Dark,,1.1,61.0,0
944,Shroodle,Poison,Normal,0.2,0.7,0
945,Grafaiai,Poison,Normal,0.7,27.2,0
946,Bramblin,Grass,Ghost,0.6,0.6,0
947,Brambleghast,Grass,Ghost,1.2,6.0,0
948,Toedscool,Ground,Grass,0.9,33.0,0
949,Toedscruel,Ground,Grass,1.9,58.0,0
950,Klawf,Rock,,1.3,79.0,0
951,Capsakid,Grass,,0.3,3.0,0
952,Scovillain,Grass,Fire,0.9,15.0,0
953,Rellor,Bug,,0.2,1.0,0
954,Rabsca,Bug,Psychic,0.3,3.5,0
955,Flittle,Psychic,,0.2,1.5,0
956,Espathra,Psychic,,1.9,90.0,0
957,Tinkatink,Fairy,Steel,0.4,8.9,0
958,Tinkatuff,Fairy,Steel,0.7,59.1,0
959,Tinkaton,Fairy,Steel,0.7,112.8,0
960,Wiglett,Water,,1.2,1.8,0
961,Wugtrio,Water,,1.2,5.4,0
962,Bombirdier,Flying,Dark,1.5,42.9,0
963,Finizen,Water,,1.3,60.2,0
964,Palafin-zero,Water,,1.3,60.2,0
965,Varoom,Steel,Poison,1.0,35.0,0
966,Revavroom,Steel,Poison,1.8,120.0,0
967,Cyclizar,Dragon,Normal,1.6,63.0,0
968,Orthworm,Steel,,2.5,310.0,0
969,Glimmet,Rock,Poison,0.7,8.0,0
970,Glimmora,Rock,Poison,1.5,45.0,0
971,Greavard,Ghost,,0.6,35.0,0
972,Houndstone,Ghost,,2.0,15.0,0
973,Flamigo,Flying,Fighting,1.6,37.0,0
974,Cetoddle,Ice,,1.2,45.0,0
975,Cetitan,Ice,,4.5,700.0,0
976,Veluza,Water,Psychic,2.5,90.0,0
977,Dondozo,Water,,12.0,220.0,0
978,Tatsugiri-curly,Dragon,Water,0.3,8.0,0
979,Annihilape,Fighting,Ghost,1.2,56.0,0
980,Clodsire,Poison,Ground,1.8,223.0,0
981,Farigiraf,Normal,Psychic,3.2,160.0,0
982,Dudunsparce-two-segment,Normal,,3.6,39.2,0
983,Kingambit,Dark,Steel,2.0,120.0,0
984,Great-tusk,Ground,Fighting,2.2,320.0,0
985,Scream-tail,Fairy,Psychic,1.2,8.0,0
986,Brute-bonnet,Grass,Dark,1.2,21.0,0
987,Flutter-mane,Ghost,Fairy,1.4,4.0,0
988,Slither-wing,Bug,Fighting,3.2,92.0,0
989,Sandy-shocks,Electric,Ground,2.3,60.0,0
990,Iron-treads,Ground,Steel,0.9,240.0,0
991,Iron-bundle,Ice,Water,0.6,11.0,0
992,Iron-hands,Fighting,Electric,1.8,380.7,0
993,Iron-jugulis,Dark,Flying,1.3,111.0,0
994,Iron-moth,Fire,Poison,1.2,36.0,0
995,Iron-thorns,Rock,Electric,1.6,303.0,0
996,Frigibax,Dragon,Ice,0.5,17.0,0
997,Arctibax,Dragon,Ice,0.8,30.0,0
998,Baxcalibur,Dragon,Ice,2.1,210.0,0
999,Gimmighoul,Ghost,,0.3,5.0,0
1000,Gholdengo,Steel,Ghost,1.2,30.0,0
1001,Wo-chien,Dark,Grass,1.5,74.2,1
1002,Chien-pao,Dark,Ice,1.9,152.2,1
1003,Ting-lu,Dark,Ground,2.7,699.7,1
1004,Chi-yu,Dark,Fire,0.4,4.9,1
1005,Roaring-moon,Dragon,Dark,2.0,380.0,0
1006,Iron-valiant,Fairy,Fighting,1.4,35.0,0
1007,Koraidon,Fighting,Dragon,2.5,303.0,1
1008,Miraidon,Electric,Dragon,3.5,240.0,1
1009,Walking-wake,Water,Dragon,3.5,280.0,0
1010,Iron-leaves,Grass,Psychic,1.5,125.0,0
1011,Dipplin,Grass,Dragon,0.4,9.7,0
1012,Poltchageist,Grass,Ghost,0.1,1.1,0
1013,Sinistcha,Grass,Ghost,0.2,2.2,0
1014,Okidogi,Poison,Fighting,1.8,92.2,1
1015,Munkidori,Poison,Psychic,1.0,12.2,1
1016,Fezandipiti,Poison,Fairy,1.4,30.1,1
1017,Ogerpon,Grass,,1.2,39.8,1
1018,Archaludon,Steel,Dragon,2.0,60.0,0
1019,Hydrapple,Grass,Dragon,1.8,93.0,0
1020,Gouging-fire,Fire,Dragon,3.5,590.0,0
1021,Raging-bolt,Electric,Dragon,5.2,480.0,0
1022,Iron-boulder,Rock,Psychic,1.5,162.5,0
1023,Iron-crown,Steel,Psychic,1.6,156.0,0
1024,Terapagos,Normal,,0.2,6.5,1
1025,Pecharunt,Poison,Ghost,0.3,0.3,1
